{"cameraMode":{"drawMode":0,"name":"Shaded","section":"Shading Mode"},"sceneLighting":true,"audioPlay":false,"sceneViewState":{"m_AlwaysRefresh":false,"showFog":true,"showSkybox":true,"showFlares":true,"showImageEffects":true,"showParticleSystems":true,"showVisualEffectGraphs":true,"m_FxEnabled":true},"in2DMode":false,"pivot":{"x":14.503785133361817,"y":1.1740925312042237,"z":31.79938316345215},"rotation":{"x":0.002589642535895109,"y":-0.6169160008430481,"z":0.00205084215849638,"w":0.7870282530784607},"size":9.094474792480469,"orthographic":false}